{
    "score": -0.02921348314606742,
    "exact_accuracy": 0.0022471910112359553,
    "accuracy": 0.1707865168539326,
    "hallucination": 0.2,
    "missing": 0.6292134831460674,
    "n_miss": 840,
    "n_correct": 228,
    "n_correct_exact": 3,
    "total": 1335
}